id_master_country;cod_unstats_num;cod_unstats_alpha;cod_eurostat;full_name_en_order;full_name_es_order;full_name_en;full_name_es;short_name_en_order;short_name_es_order;short_name_en;short_name_es;date_in;date_out;country;geom
un348;348;HUN;HU;Hungary;Hungría;Hungary;Hungría;Hungary;Hungría;Hungary;Hungría;;;t;
un011;011;;;Western Africa;África Occidental;Western Africa;África Occidental;Western Africa;África Occidental;Western Africa;África Occidental;;;f;
un013;013;;;Central America;América Central;Central America;América Central;Central America;América Central;Central America;América Central;;;f;
un021;021;;;Northern America;América Septentrional;Northern America;América Septentrional;Northern America;América Septentrional;Northern America;América Septentrional;;;f;
un029;029;;;Caribbean;Caribe;Caribbean;Caribe;Caribbean;Caribe;Caribbean;Caribe;;;f;
un030;030;;;Eastern Asia;Asia Oriental;Eastern Asia;Asia Oriental;Eastern Asia;Asia Oriental;Eastern Asia;Asia Oriental;;;f;
un034;034;;;Southern Asia;Asia Meridional;Southern Asia;Asia Meridional;Southern Asia;Asia Meridional;Southern Asia;Asia Meridional;;;f;
un035;035;;;South-Eastern Asia;Asia Sudoriental;South-Eastern Asia;Asia Sudoriental;South-Eastern Asia;Asia Sudoriental;South-Eastern Asia;Asia Sudoriental;;;f;
un039;039;;;Southern Europe;Europa Meridional;Southern Europe;Europa Meridional;Southern Europe;Europa Meridional;Southern Europe;Europa Meridional;;;f;
un054;054;;;Melanesia;Melanesia;Melanesia;Melanesia;Melanesia;Melanesia;Melanesia;Melanesia;;;f;
un057;057;;;Micronesia;Micronesia;Micronesia;Micronesia;Micronesia;Micronesia;Micronesia;Micronesia;;;f;
un061;061;;;Polynesia;Polinesia;Polynesia;Polinesia;Polynesia;Polinesia;Polynesia;Polinesia;;;f;
un142;142;;;Asia;Asia;Asia;Asia;Asia;Asia;Asia;Asia;;;f;
un143;143;;;Central Asia;Asia Central;Central Asia;Asia Central;Central Asia;Asia Central;Central Asia;Asia Central;;;f;
un145;145;;;Western Asia;Asia Occidental;Western Asia;Asia Occidental;Western Asia;Asia Occidental;Western Asia;Asia Occidental;;;f;
un150;150;;;Europe;Europa;Europe;Europa;Europe;Europa;Europe;Europa;;;f;
un151;151;;;Eastern Europe;Europa Oriental;Eastern Europe;Europa Oriental;Eastern Europe;Europa Oriental;Eastern Europe;Europa Oriental;;;f;
un154;154;;;Northern Europe;Europa Septentrional;Northern Europe;Europa Septentrional;Northern Europe;Europa Septentrional;Northern Europe;Europa Septentrional;;;f;
un155;155;;;Western Europe;Europa Occidental;Western Europe;Europa Occidental;Western Europe;Europa Occidental;Western Europe;Europa Occidental;;;f;
eu901;;;;European Free Trade Association (EFTA);Asociación Europea de Libre Comercio;European Free Trade Association (EFTA);Asociación Europea de Libre Comercio;European Free Trade Association (EFTA);Asociación Europea de Libre Comercio;European Free Trade Association (EFTA);Asociación Europea de Libre Comercio;;;f;
un001;001;;;World;Mundo;World;Mundo;World;Mundo;World;Mundo;;;f;
un002;002;;;Africa;África;Africa;África;Africa;África;Africa;África;;;f;
un005;005;;;South America;Sudamérica;South America;Sudamérica;South America;Sudamérica;South America;Sudamérica;;;f;
un009;009;;;Oceania;Oceania;Oceania;Oceania;Oceania;Oceania;Oceania;Oceania;;;f;
un014;014;;;Eastern Africa;África Oriental;Eastern Africa;África Oriental;Eastern Africa;África Oriental;Eastern Africa;África Oriental;;;f;
un015;015;;;Northern Africa;África Septentrional;Northern Africa;África Septentrional;Northern Africa;África Septentrional;Northern Africa;África Septentrional;;;f;
un017;017;;;Middle Africa;África Central;Middle Africa;África Central;Middle Africa;África Central;Middle Africa;África Central;;;f;
un018;018;;;Southern Africa;África Meridional;Southern Africa;África Meridional;Southern Africa;África Meridional;Southern Africa;África Meridional;;;f;
un019;019;;;Americas;América;Americas;América;Americas;América;Americas;América;;;f;
un580;580;MNP;;Northern Mariana Islands;Islas Marianas Septentrionales;Northern Mariana Islands;Islas Marianas Septentrionales;Northern Mariana Islands;Islas Marianas Septentrionales;Northern Mariana Islands;Islas Marianas Septentrionales;;;t;
un053;053;;;Australia and New Zealand;Australia y Nueva Zelanda;Australia and New Zealand;Australia y Nueva Zelanda;Australia and New Zealand;Australia y Nueva Zelanda;Australia and New Zealand;Australia y Nueva Zelanda;;;t;
un024;024;AGO;;Angola;Angola;Angola;Angola;Angola;Angola;Angola;Angola;;;t;
un028;028;ATG;;Antigua and Barbuda;Antigua y Barbuda;Antigua and Barbuda;Antigua y Barbuda;Antigua and Barbuda;Antigua y Barbuda;Antigua and Barbuda;Antigua y Barbuda;;;t;
un031;031;AZE;AZ;Azerbaijan;Azerbaiyán;Azerbaijan;Azerbaiyán;Azerbaijan;Azerbaiyán;Azerbaijan;Azerbaiyán;;;t;
un032;032;ARG;;Argentina;Argentina;Argentina;Argentina;Argentina;Argentina;Argentina;Argentina;;;t;
un036;036;AUS;;Australia;Australia;Australia;Australia;Australia;Australia;Australia;Australia;;;t;
un040;040;AUT;AT;Austria;Austria;Austria;Austria;Austria;Austria;Austria;Austria;;;t;
un044;044;BHS;;Bahamas;Bahamas;Bahamas;Bahamas;Bahamas;Bahamas;Bahamas;Bahamas;;;t;
un048;048;BHR;;Bahrain;Bahrein;Bahrain;Bahrein;Bahrain;Bahrein;Bahrain;Bahrein;;;t;
un050;050;BGD;;Bangladesh;Bangladesh;Bangladesh;Bangladesh;Bangladesh;Bangladesh;Bangladesh;Bangladesh;;;t;
un051;051;ARM;AM;Armenia;Armenia;Armenia;Armenia;Armenia;Armenia;Armenia;Armenia;;;t;
un052;052;BRB;;Barbados;Barbados;Barbados;Barbados;Barbados;Barbados;Barbados;Barbados;;;t;
un056;056;BEL;BE;Belgium;Bélgica;Belgium;Bélgica;Belgium;Bélgica;Belgium;Bélgica;;;t;
un060;060;BMU;;Bermuda;Bermuda;Bermuda;Bermuda;Bermuda;Bermuda;Bermuda;Bermuda;;;t;
un064;064;BTN;;Bhutan;Bhután;Bhutan;Bhután;Bhutan;Bhután;Bhutan;Bhután;;;t;
un068;068;BOL;;Bolivia (Plurinational State of);Bolivia (Plurinacional Estado de);Bolivia (Plurinational State of);Bolivia (Plurinacional Estado de);Bolivia (Plurinational State of);Bolivia (Plurinacional Estado de);Bolivia (Plurinational State of);Bolivia (Plurinacional Estado de);;;t;
un070;070;BIH;BA;Bosnia and Herzegovina;Bosnia y Herzegovina;Bosnia and Herzegovina;Bosnia y Herzegovina;Bosnia and Herzegovina;Bosnia y Herzegovina;Bosnia and Herzegovina;Bosnia y Herzegovina;;;t;
un072;072;BWA;;Botswana;Botswana;Botswana;Botswana;Botswana;Botswana;Botswana;Botswana;;;t;
un084;084;BLZ;;Belize;Belice;Belize;Belice;Belize;Belice;Belize;Belice;;;t;
un090;090;SLB;;Solomon Islands;Islas Salomón;Solomon Islands;Islas Salomón;Solomon Islands;Islas Salomón;Solomon Islands;Islas Salomón;;;t;
un092;092;VGB;;British Virgin Islands;Islas Vírgenes Británicas;British Virgin Islands;Islas Vírgenes Británicas;British Virgin Islands;Islas Vírgenes Británicas;British Virgin Islands;Islas Vírgenes Británicas;;;t;
un292;292;GIB;;Gibraltar;Gibraltar;Gibraltar;Gibraltar;Gibraltar;Gibraltar;Gibraltar;Gibraltar;;;t;
un096;096;BRN;;Brunei Darussalam;Brunei Darussalam;Brunei Darussalam;Brunei Darussalam;Brunei Darussalam;Brunei Darussalam;Brunei Darussalam;Brunei Darussalam;;;t;
un100;100;BGR;BG;Bulgaria;Bulgaria;Bulgaria;Bulgaria;Bulgaria;Bulgaria;Bulgaria;Bulgaria;;;t;
un104;104;MMR;;Myanmar;Myanmar;Myanmar;Myanmar;Myanmar;Myanmar;Myanmar;Myanmar;;;t;
un108;108;BDI;;Burundi;Burundi;Burundi;Burundi;Burundi;Burundi;Burundi;Burundi;;;t;
un112;112;BLR;BY;Belarus;Bielorrusia;Belarus;Bielorrusia;Belarus;Bielorrusia;Belarus;Bielorrusia;;;t;
un116;116;KHM;;Cambodia;Camboya;Cambodia;Camboya;Cambodia;Camboya;Cambodia;Camboya;;;t;
un120;120;CMR;;Cameroon;Camerún;Cameroon;Camerún;Cameroon;Camerún;Cameroon;Camerún;;;t;
un124;124;CAN;;Canada;Canadá;Canada;Canadá;Canada;Canadá;Canada;Canadá;;;t;
un132;132;CPV;;Cabo Verde;Cabo Verde;Cabo Verde;Cabo Verde;Cabo Verde;Cabo Verde;Cabo Verde;Cabo Verde;;;t;
un136;136;CYM;;Cayman Islands;Islas Caimán;Cayman Islands;Islas Caimán;Cayman Islands;Islas Caimán;Cayman Islands;Islas Caimán;;;t;
un140;140;CAF;;Central African Republic;República Centroafricana;Central African Republic;República Centroafricana;Central African Republic;República Centroafricana;Central African Republic;República Centroafricana;;;t;
un144;144;LKA;;Sri Lanka;Sri Lanka;Sri Lanka;Sri Lanka;Sri Lanka;Sri Lanka;Sri Lanka;Sri Lanka;;;t;
un148;148;TCD;;Chad;Chad;Chad;Chad;Chad;Chad;Chad;Chad;;;t;
un152;152;CHL;;Chile;Chile;Chile;Chile;Chile;Chile;Chile;Chile;;;t;
un156;156;CHN;;China;China;China;China;China;China;China;China;;;t;
un170;170;COL;;Colombia;Colombia;Colombia;Colombia;Colombia;Colombia;Colombia;Colombia;;;t;
un174;174;COM;;Comoros;Comoras;Comoros;Comoras;Comoros;Comoras;Comoros;Comoras;;;t;
un175;175;MYT;;Mayotte;Mayotte;Mayotte;Mayotte;Mayotte;Mayotte;Mayotte;Mayotte;;;t;
un178;178;COG;;Congo;Congo;Congo;Congo;Congo;Congo;Congo;Congo;;;t;
un180;180;COD;;Democratic Republic of the Congo;República Democrática del Congo;Democratic Republic of the Congo;República Democrática del Congo;Democratic Republic of the Congo;República Democrática del Congo;Democratic Republic of the Congo;República Democrática del Congo;;;t;
un184;184;COK;;Cook Islands;Islas Cook;Cook Islands;Islas Cook;Cook Islands;Islas Cook;Cook Islands;Islas Cook;;;t;
un188;188;CRI;;Costa Rica;Costa Rica;Costa Rica;Costa Rica;Costa Rica;Costa Rica;Costa Rica;Costa Rica;;;t;
un191;191;HRV;HR;Croatia;Croacia;Croatia;Croacia;Croatia;Croacia;Croatia;Croacia;;;t;
un192;192;CUB;;Cuba;Cuba;Cuba;Cuba;Cuba;Cuba;Cuba;Cuba;;;t;
un196;196;CYP;CY;Cyprus;Chipre;Cyprus;Chipre;Cyprus;Chipre;Cyprus;Chipre;;;t;
un203;203;CZE;CZ;Czech Republic;República Checa;Czech Republic;República Checa;Czech Republic;República Checa;Czech Republic;República Checa;;;t;
un204;204;BEN;;Benin;Benín;Benin;Benín;Benin;Benín;Benin;Benín;;;t;
un208;208;DNK;DK;Denmark;Dinamarca;Denmark;Dinamarca;Denmark;Dinamarca;Denmark;Dinamarca;;;t;
un212;212;DMA;;Dominica;Dominica;Dominica;Dominica;Dominica;Dominica;Dominica;Dominica;;;t;
un214;214;DOM;;Dominican Republic;República Dominicana;Dominican Republic;República Dominicana;Dominican Republic;República Dominicana;Dominican Republic;República Dominicana;;;t;
un218;218;ECU;;Ecuador;Ecuador;Ecuador;Ecuador;Ecuador;Ecuador;Ecuador;Ecuador;;;t;
un222;222;SLV;;El Salvador;El Salvador;El Salvador;El Salvador;El Salvador;El Salvador;El Salvador;El Salvador;;;t;
un226;226;GNQ;;Equatorial Guinea;Guinea Ecuatorial;Equatorial Guinea;Guinea Ecuatorial;Equatorial Guinea;Guinea Ecuatorial;Equatorial Guinea;Guinea Ecuatorial;;;t;
un231;231;ETH;;Ethiopia;Etiopía;Ethiopia;Etiopía;Ethiopia;Etiopía;Ethiopia;Etiopía;;;t;
un232;232;ERI;;Eritrea;Eritrea;Eritrea;Eritrea;Eritrea;Eritrea;Eritrea;Eritrea;;;t;
un233;233;EST;EE;Estonia;Estonia;Estonia;Estonia;Estonia;Estonia;Estonia;Estonia;;;t;
un234;234;FRO;;Faeroe Islands;Islas Feroe;Faeroe Islands;Islas Feroe;Faeroe Islands;Islas Feroe;Faeroe Islands;Islas Feroe;;;t;
eu904;;;;European Neighbourhood Policy (ENP)-East;Política de Vecindad de la Unión Europea-Este;European Neighbourhood Policy (ENP)-East;Política de Vecindad de la Unión Europea-Este;European Neighbourhood Policy (ENP)-East;Política de Vecindad de la Unión Europea-Este;European Neighbourhood Policy (ENP)-East;Política de Vecindad de la Unión Europea-Este;;;f;
un830;830;;;Channel Islands;Islas Anglonormandas;Channel Islands;Islas Anglonormandas;Channel Islands;Islas Anglonormandas;Channel Islands;Islas Anglonormandas;;;t;
un680;680;;;Sark;Sark;Sark;Sark;Sark;Sark;Sark;Sark;;;t;
un410;410;KOR;;Republic of Korea;República de Corea;Republic of Korea;República de Corea;Republic of Korea;República de Corea;Republic of Korea;República de Corea;;;t;
un419;419;;;Latin America and the Caribbean;América Latina y El Caribe;Latin America and the Caribbean;América Latina y El Caribe;Latin America and the Caribbean;América Latina y El Caribe;Latin America and the Caribbean;América Latina y El Caribe;;;t;
un238;238;FLK;;Falkland Islands (Malvinas);Islas Malvinas;Falkland Islands (Malvinas);Islas Malvinas;Falkland Islands (Malvinas);Islas Malvinas;Falkland Islands (Malvinas);Islas Malvinas;;;t;
un242;242;FJI;;Fiji;Fiji;Fiji;Fiji;Fiji;Fiji;Fiji;Fiji;;;t;
un246;246;FIN;FI;Finland;Finlandia;Finland;Finlandia;Finland;Finlandia;Finland;Finlandia;;;t;
un248;248;ALA;;Åland Islands;Islas Aland;Åland Islands;Islas Aland;Åland Islands;Islas Aland;Åland Islands;Islas Aland;;;t;
un250;250;FRA;FR;France;Francia;France;Francia;France;Francia;France;Francia;;;t;
un254;254;GUF;;French Guiana;Guayana Francesa;French Guiana;Guayana Francesa;French Guiana;Guayana Francesa;French Guiana;Guayana Francesa;;;t;
un258;258;PYF;;French Polynesia;Polinesia Francesa;French Polynesia;Polinesia Francesa;French Polynesia;Polinesia Francesa;French Polynesia;Polinesia Francesa;;;t;
un262;262;DJI;;Djibouti;Djibouti;Djibouti;Djibouti;Djibouti;Djibouti;Djibouti;Djibouti;;;t;
un266;266;GAB;;Gabon;Gabón;Gabon;Gabón;Gabon;Gabón;Gabon;Gabón;;;t;
un268;268;GEO;GE;Georgia;Georgia;Georgia;Georgia;Georgia;Georgia;Georgia;Georgia;;;t;
un270;270;GMB;;Gambia;Gambia;Gambia;Gambia;Gambia;Gambia;Gambia;Gambia;;;t;
un275;275;PSE;PS;State of Palestine;Estado de Palestina;State of Palestine;Estado de Palestina;State of Palestine;Estado de Palestina;State of Palestine;Estado de Palestina;;;t;
un276;276;DEU;DE;Germany;Alemania;Germany;Alemania;Germany;Alemania;Germany;Alemania;;;t;
un288;288;GHA;;Ghana;Ghana;Ghana;Ghana;Ghana;Ghana;Ghana;Ghana;;;t;
un296;296;KIR;;Kiribati;Kiribati;Kiribati;Kiribati;Kiribati;Kiribati;Kiribati;Kiribati;;;t;
un300;300;GRC;EL;Greece;Grecia;Greece;Grecia;Greece;Grecia;Greece;Grecia;;;t;
un304;304;GRL;;Greenland;Groenlandia;Greenland;Groenlandia;Greenland;Groenlandia;Greenland;Groenlandia;;;t;
un308;308;GRD;;Grenada;Granada;Grenada;Granada;Grenada;Granada;Grenada;Granada;;;t;
un312;312;GLP;;Guadeloupe;Guadalupe;Guadeloupe;Guadalupe;Guadeloupe;Guadalupe;Guadeloupe;Guadalupe;;;t;
un316;316;GUM;;Guam;Guam;Guam;Guam;Guam;Guam;Guam;Guam;;;t;
un320;320;GTM;;Guatemala;Guatemala;Guatemala;Guatemala;Guatemala;Guatemala;Guatemala;Guatemala;;;t;
un324;324;GIN;;Guinea;Guinea;Guinea;Guinea;Guinea;Guinea;Guinea;Guinea;;;t;
un328;328;GUY;;Guyana;Guyana;Guyana;Guyana;Guyana;Guyana;Guyana;Guyana;;;t;
un332;332;HTI;;Haiti;Haiti;Haiti;Haiti;Haiti;Haiti;Haiti;Haiti;;;t;
un336;336;VAT;;Holy See;Santa Sede;Holy See;Santa Sede;Holy See;Santa Sede;Holy See;Santa Sede;;;t;
un340;340;HND;;Honduras;Honduras;Honduras;Honduras;Honduras;Honduras;Honduras;Honduras;;;t;
un728;728;SSD;;South Sudan;Sudán del Sur;South Sudan;Sudán del Sur;South Sudan;Sudán del Sur;South Sudan;Sudán del Sur;;;t;
un729;729;SDN;;Sudan;Sudán;Sudan;Sudán;Sudan;Sudán;Sudan;Sudán;;;t;
un344;344;HKG;;China, Hong Kong Special Administrative Region;China, Región Especial Administrativa de Hong Kong;China, Hong Kong Special Administrative Region;China, Región Especial Administrativa de Hong Kong;China, Hong Kong Special Administrative Region;China, Región Especial Administrativa de Hong Kong;China, Hong Kong Special Administrative Region;China, Región Especial Administrativa de Hong Kong;;;t;
un352;352;ISL;IS;Iceland;Islandia;Iceland;Islandia;Iceland;Islandia;Iceland;Islandia;;;t;
un356;356;IND;;India;India;India;India;India;India;India;India;;;t;
un360;360;IDN;;Indonesia;Indonesia;Indonesia;Indonesia;Indonesia;Indonesia;Indonesia;Indonesia;;;t;
un364;364;IRN;;Iran (Islamic Republic of);Irán (República Islámica de);Iran (Islamic Republic of);Irán (República Islámica de);Iran (Islamic Republic of);Irán (República Islámica de);Iran (Islamic Republic of);Irán (República Islámica de);;;t;
un368;368;IRQ;;Iraq;Iraq;Iraq;Iraq;Iraq;Iraq;Iraq;Iraq;;;t;
un372;372;IRL;IE;Ireland;Irlanda;Ireland;Irlanda;Ireland;Irlanda;Ireland;Irlanda;;;t;
un376;376;ISR;IL;Israel;Israel;Israel;Israel;Israel;Israel;Israel;Israel;;;t;
un380;380;ITA;IT;Italy;Italia;Italy;Italia;Italy;Italia;Italy;Italia;;;t;
un384;384;CIV;;Côte d'Ivoire;Costa de Marfil;Côte d'Ivoire;Costa de Marfil;Côte d'Ivoire;Costa de Marfil;Côte d'Ivoire;Costa de Marfil;;;t;
un388;388;JAM;;Jamaica;Jamaica;Jamaica;Jamaica;Jamaica;Jamaica;Jamaica;Jamaica;;;t;
un392;392;JPN;JP;Japan;Japón;Japan;Japón;Japan;Japón;Japan;Japón;;;t;
un398;398;KAZ;;Kazakhstan;Kazajstán;Kazakhstan;Kazajstán;Kazakhstan;Kazajstán;Kazakhstan;Kazajstán;;;t;
un400;400;JOR;JO;Jordan;Jordania;Jordan;Jordania;Jordan;Jordania;Jordan;Jordania;;;t;
un404;404;KEN;;Kenya;Kenia;Kenya;Kenia;Kenya;Kenia;Kenya;Kenia;;;t;
un408;408;PRK;;Democratic People's Republic of Korea;República Popular Democrática de Corea;Democratic People's Republic of Korea;República Popular Democrática de Corea;Democratic People's Republic of Korea;República Popular Democrática de Corea;Democratic People's Republic of Korea;República Popular Democrática de Corea;;;t;
un414;414;KWT;;Kuwait;Kuwait;Kuwait;Kuwait;Kuwait;Kuwait;Kuwait;Kuwait;;;t;
un417;417;KGZ;;Kyrgyzstan;Kirguistán;Kyrgyzstan;Kirguistán;Kyrgyzstan;Kirguistán;Kyrgyzstan;Kirguistán;;;t;
un418;418;LAO;;Lao People's Democratic Republic;República Democrática Popular de Lao;Lao People's Democratic Republic;República Democrática Popular de Lao;Lao People's Democratic Republic;República Democrática Popular de Lao;Lao People's Democratic Republic;República Democrática Popular de Lao;;;t;
un850;850;VIR;;United States Virgin Islands;Islas Vírgenes de los Estados Unidos;United States Virgin Islands;Islas Vírgenes de los Estados Unidos;United States Virgin Islands;Islas Vírgenes de los Estados Unidos;United States Virgin Islands;Islas Vírgenes de los Estados Unidos;;;t;
un428;428;LVA;LV;Latvia;Letonia;Latvia;Letonia;Latvia;Letonia;Latvia;Letonia;;;t;
un430;430;LBR;;Liberia;Liberia;Liberia;Liberia;Liberia;Liberia;Liberia;Liberia;;;t;
un434;434;LBY;LY;Libya;Libia;Libya;Libia;Libya;Libia;Libya;Libia;;;t;
un438;438;LIE;LI;Liechtenstein;Liechtenstein;Liechtenstein;Liechtenstein;Liechtenstein;Liechtenstein;Liechtenstein;Liechtenstein;;;t;
un440;440;LTU;LT;Lithuania;Lituania;Lithuania;Lituania;Lithuania;Lituania;Lithuania;Lituania;;;t;
un442;442;LUX;LU;Luxembourg;Luxemburgo;Luxembourg;Luxemburgo;Luxembourg;Luxemburgo;Luxembourg;Luxemburgo;;;t;
un446;446;MAC;;China, Macao Special Administrative Region;China, Región Especial Administrativa de Macao;China, Macao Special Administrative Region;China, Región Especial Administrativa de Macao;China, Macao Special Administrative Region;China, Región Especial Administrativa de Macao;China, Macao Special Administrative Region;China, Región Especial Administrativa de Macao;;;t;
un450;450;MDG;;Madagascar;Madagascar;Madagascar;Madagascar;Madagascar;Madagascar;Madagascar;Madagascar;;;t;
un454;454;MWI;;Malawi;Malawi;Malawi;Malawi;Malawi;Malawi;Malawi;Malawi;;;t;
un458;458;MYS;;Malaysia;Malasia;Malaysia;Malasia;Malaysia;Malasia;Malaysia;Malasia;;;t;
un462;462;MDV;;Maldives;Maldivas;Maldives;Maldivas;Maldives;Maldivas;Maldives;Maldivas;;;t;
un466;466;MLI;;Mali;Mali;Mali;Mali;Mali;Mali;Mali;Mali;;;t;
un470;470;MLT;MT;Malta;Malta;Malta;Malta;Malta;Malta;Malta;Malta;;;t;
un474;474;MTQ;;Martinique;Martinica;Martinique;Martinica;Martinique;Martinica;Martinique;Martinica;;;t;
un478;478;MRT;;Mauritania;Mauritania;Mauritania;Mauritania;Mauritania;Mauritania;Mauritania;Mauritania;;;t;
un480;480;MUS;;Mauritius;Mauricio;Mauritius;Mauricio;Mauritius;Mauricio;Mauritius;Mauricio;;;t;
un484;484;MEX;;Mexico;Méjico;Mexico;Méjico;Mexico;Méjico;Mexico;Méjico;;;t;
un492;492;MCO;;Monaco;Mónaco;Monaco;Mónaco;Monaco;Mónaco;Monaco;Mónaco;;;t;
un496;496;MNG;;Mongolia;Mongolia;Mongolia;Mongolia;Mongolia;Mongolia;Mongolia;Mongolia;;;t;
un498;498;MDA;;Republic of Moldova;República de Moldova;Republic of Moldova;República de Moldova;Republic of Moldova;República de Moldova;Republic of Moldova;República de Moldova;;;t;
un499;499;MNE;ME;Montenegro;Montenegro;Montenegro;Montenegro;Montenegro;Montenegro;Montenegro;Montenegro;;;t;
un500;500;MSR;;Montserrat;Montserrat;Montserrat;Montserrat;Montserrat;Montserrat;Montserrat;Montserrat;;;t;
un504;504;MAR;MA;Morocco;Marruecos;Morocco;Marruecos;Morocco;Marruecos;Morocco;Marruecos;;;t;
un508;508;MOZ;;Mozambique;Mozambique;Mozambique;Mozambique;Mozambique;Mozambique;Mozambique;Mozambique;;;t;
un512;512;OMN;;Oman;Omán;Oman;Omán;Oman;Omán;Oman;Omán;;;t;
un516;516;NAM;;Namibia;Namibia;Namibia;Namibia;Namibia;Namibia;Namibia;Namibia;;;t;
un520;520;NRU;;Nauru;Nauru;Nauru;Nauru;Nauru;Nauru;Nauru;Nauru;;;t;
un524;524;NPL;;Nepal;Nepal;Nepal;Nepal;Nepal;Nepal;Nepal;Nepal;;;t;
un528;528;NLD;NL;Netherlands;Países Bajos;Netherlands;Países Bajos;Netherlands;Países Bajos;Netherlands;Países Bajos;;;t;
un531;531;CUW;;Curaçao;Curazao;Curaçao;Curazao;Curaçao;Curazao;Curaçao;Curazao;;;t;
un533;533;ABW;;Aruba;Aruba;Aruba;Aruba;Aruba;Aruba;Aruba;Aruba;;;t;
un534;534;SXM;;Sint Maarten (Dutch part);San Martín (parte neerlandesa);Sint Maarten (Dutch part);San Martín (parte neerlandesa);Sint Maarten (Dutch part);San Martín (parte neerlandesa);Sint Maarten (Dutch part);San Martín (parte neerlandesa);;;t;
un535;535;BES;;Bonaire, Saint Eustatius and Saba;Bonaire, San Eustaquio y Saba;Bonaire, Saint Eustatius and Saba;Bonaire, San Eustaquio y Saba;Bonaire, Saint Eustatius and Saba;Bonaire, San Eustaquio y Saba;Bonaire, Saint Eustatius and Saba;Bonaire, San Eustaquio y Saba;;;t;
un540;540;NCL;;New Caledonia;Nueva Caledonia;New Caledonia;Nueva Caledonia;New Caledonia;Nueva Caledonia;New Caledonia;Nueva Caledonia;;;t;
un548;548;VUT;;Vanuatu;Vanuatu;Vanuatu;Vanuatu;Vanuatu;Vanuatu;Vanuatu;Vanuatu;;;t;
un554;554;NZL;;New Zealand;Nueva Zelanda;New Zealand;Nueva Zelanda;New Zealand;Nueva Zelanda;New Zealand;Nueva Zelanda;;;t;
un558;558;NIC;;Nicaragua;Nicaragua;Nicaragua;Nicaragua;Nicaragua;Nicaragua;Nicaragua;Nicaragua;;;t;
un562;562;NER;;Niger;Níger;Niger;Níger;Niger;Níger;Niger;Níger;;;t;
un566;566;NGA;;Nigeria;Nigeria;Nigeria;Nigeria;Nigeria;Nigeria;Nigeria;Nigeria;;;t;
un570;570;NIU;;Niue;Niue;Niue;Niue;Niue;Niue;Niue;Niue;;;t;
un574;574;NFK;;Norfolk Island;Islas Norfolk;Norfolk Island;Islas Norfolk;Norfolk Island;Islas Norfolk;Norfolk Island;Islas Norfolk;;;t;
un578;578;NOR;NO;Norway;Noruega;Norway;Noruega;Norway;Noruega;Norway;Noruega;;;t;
un583;583;FSM;;Micronesia (Federated States of);Micronesia (Estados Federados de);Micronesia (Federated States of);Micronesia (Estados Federados de);Micronesia (Federated States of);Micronesia (Estados Federados de);Micronesia (Federated States of);Micronesia (Estados Federados de);;;t;
un584;584;MHL;;Marshall Islands;Islas Marshall;Marshall Islands;Islas Marshall;Marshall Islands;Islas Marshall;Marshall Islands;Islas Marshall;;;t;
un585;585;PLW;;Palau;Palau;Palau;Palau;Palau;Palau;Palau;Palau;;;t;
un586;586;PAK;;Pakistan;Pakistán;Pakistan;Pakistán;Pakistan;Pakistán;Pakistan;Pakistán;;;t;
un591;591;PAN;;Panama;Panamá;Panama;Panamá;Panama;Panamá;Panama;Panamá;;;t;
un598;598;PNG;;Papua New Guinea;Papua Nueva Guinea;Papua New Guinea;Papua Nueva Guinea;Papua New Guinea;Papua Nueva Guinea;Papua New Guinea;Papua Nueva Guinea;;;t;
un600;600;PRY;;Paraguay;Paraguay;Paraguay;Paraguay;Paraguay;Paraguay;Paraguay;Paraguay;;;t;
un604;604;PER;;Peru;Perú;Peru;Perú;Peru;Perú;Peru;Perú;;;t;
un608;608;PHL;;Philippines;Filipinas;Philippines;Filipinas;Philippines;Filipinas;Philippines;Filipinas;;;t;
un612;612;PCN;;Pitcairn;Pitcairn;Pitcairn;Pitcairn;Pitcairn;Pitcairn;Pitcairn;Pitcairn;;;t;
un616;616;POL;PL;Poland;Polonia;Poland;Polonia;Poland;Polonia;Poland;Polonia;;;t;
un620;620;PRT;PT;Portugal;Portugal;Portugal;Portugal;Portugal;Portugal;Portugal;Portugal;;;t;
un016;016;ASM;;American Samoa;Samoa Americana;American Samoa;Samoa Americana;American Samoa;Samoa Americana;American Samoa;Samoa Americana;;;t;
un076;076;BRA;;Brazil;Brasil;Brazil;Brasil;Brazil;Brasil;Brazil;Brasil;;;t;
un004;004;AFG;;Afghanistan;Afganistán;Afghanistan;Afganistán;Afghanistan;Afganistán;Afghanistan;Afganistán;;;t;
un008;008;ALB;AL;Albania;Albania;Albania;Albania;Albania;Albania;Albania;Albania;;;t;
un012;012;DZA;DZ;Algeria;Argelia;Algeria;Argelia;Algeria;Argelia;Algeria;Argelia;;;t;
un020;020;AND;;Andorra;Andorra;Andorra;Andorra;Andorra;Andorra;Andorra;Andorra;;;t;
un422;422;LBN;LB;Lebanon;Líbano;Lebanon;Líbano;Lebanon;Líbano;Lebanon;Líbano;;;t;
un426;426;LSO;;Lesotho;Lesotho;Lesotho;Lesotho;Lesotho;Lesotho;Lesotho;Lesotho;;;t;
un624;624;GNB;;Guinea-Bissau;Guinea-Bissau;Guinea-Bissau;Guinea-Bissau;Guinea-Bissau;Guinea-Bissau;Guinea-Bissau;Guinea-Bissau;;;t;
un626;626;TLS;;Timor-Leste;Timor Oriental;Timor-Leste;Timor Oriental;Timor-Leste;Timor Oriental;Timor-Leste;Timor Oriental;;;t;
un630;630;PRI;;Puerto Rico;Puerto Rico;Puerto Rico;Puerto Rico;Puerto Rico;Puerto Rico;Puerto Rico;Puerto Rico;;;t;
un634;634;QAT;;Qatar;Qatar;Qatar;Qatar;Qatar;Qatar;Qatar;Qatar;;;t;
un638;638;REU;;Réunion;Reunión;Réunion;Reunión;Réunion;Reunión;Réunion;Reunión;;;t;
un642;642;ROU;RO;Romania;Rumanía;Romania;Rumanía;Romania;Rumanía;Romania;Rumanía;;;t;
un643;643;RUS;;Russian Federation;Federación de Rusia;Russian Federation;Federación de Rusia;Russian Federation;Federación de Rusia;Russian Federation;Federación de Rusia;;;t;
un646;646;RWA;;Rwanda;Rwanda;Rwanda;Rwanda;Rwanda;Rwanda;Rwanda;Rwanda;;;t;
un652;652;BLM;;Saint-Barthélemy;San Bartolomé;Saint-Barthélemy;San Bartolomé;Saint-Barthélemy;San Bartolomé;Saint-Barthélemy;San Bartolomé;;;t;
un654;654;SHN;;Saint Helena;Santa Elena;Saint Helena;Santa Elena;Saint Helena;Santa Elena;Saint Helena;Santa Elena;;;t;
un659;659;KNA;;Saint Kitts and Nevis;San Kitts y Nevis;Saint Kitts and Nevis;San Kitts y Nevis;Saint Kitts and Nevis;San Kitts y Nevis;Saint Kitts and Nevis;San Kitts y Nevis;;;t;
un660;660;AIA;;Anguilla;Anguila;Anguilla;Anguila;Anguilla;Anguila;Anguilla;Anguila;;;t;
un662;662;LCA;;Saint Lucia;Santa Lucía;Saint Lucia;Santa Lucía;Saint Lucia;Santa Lucía;Saint Lucia;Santa Lucía;;;t;
un663;663;MAF;;Saint-Martin (French part);San Martín (parte francesa);Saint-Martin (French part);San Martín (parte francesa);Saint-Martin (French part);San Martín (parte francesa);Saint-Martin (French part);San Martín (parte francesa);;;t;
un666;666;SPM;;Saint Pierre and Miquelon;Saint Pierre y Miquelon;Saint Pierre and Miquelon;Saint Pierre y Miquelon;Saint Pierre and Miquelon;Saint Pierre y Miquelon;Saint Pierre and Miquelon;Saint Pierre y Miquelon;;;t;
un876;876;WLF;;Wallis and Futuna Islands;Islas Wallis y Futuna;Wallis and Futuna Islands;Islas Wallis y Futuna;Wallis and Futuna Islands;Islas Wallis y Futuna;Wallis and Futuna Islands;Islas Wallis y Futuna;;;t;
un670;670;VCT;;Saint Vincent and the Grenadines;San Vicente y Las Granadinas;Saint Vincent and the Grenadines;San Vicente y Las Granadinas;Saint Vincent and the Grenadines;San Vicente y Las Granadinas;Saint Vincent and the Grenadines;San Vicente y Las Granadinas;;;t;
un674;674;SMR;;San Marino;San Marino;San Marino;San Marino;San Marino;San Marino;San Marino;San Marino;;;t;
un678;678;STP;;Sao Tome and Principe;Santo Tomé y Príncipe;Sao Tome and Principe;Santo Tomé y Príncipe;Sao Tome and Principe;Santo Tomé y Príncipe;Sao Tome and Principe;Santo Tomé y Príncipe;;;t;
un682;682;SAU;;Saudi Arabia;Arabia Saudí;Saudi Arabia;Arabia Saudí;Saudi Arabia;Arabia Saudí;Saudi Arabia;Arabia Saudí;;;t;
un686;686;SEN;;Senegal;Senegal;Senegal;Senegal;Senegal;Senegal;Senegal;Senegal;;;t;
un688;688;SRB;RS;Serbia;Serbia;Serbia;Serbia;Serbia;Serbia;Serbia;Serbia;;;t;
un690;690;SYC;;Seychelles;Seychelles;Seychelles;Seychelles;Seychelles;Seychelles;Seychelles;Seychelles;;;t;
un694;694;SLE;;Sierra Leone;Sierra Leona;Sierra Leone;Sierra Leona;Sierra Leone;Sierra Leona;Sierra Leone;Sierra Leona;;;t;
un702;702;SGP;;Singapore;Singapur;Singapore;Singapur;Singapore;Singapur;Singapore;Singapur;;;t;
un703;703;SVK;SK;Slovakia;Eslovaquia;Slovakia;Eslovaquia;Slovakia;Eslovaquia;Slovakia;Eslovaquia;;;t;
un704;704;VNM;;Viet Nam;Viet Nam;Viet Nam;Viet Nam;Viet Nam;Viet Nam;Viet Nam;Viet Nam;;;t;
un705;705;SVN;SI;Slovenia;Eslovenia;Slovenia;Eslovenia;Slovenia;Eslovenia;Slovenia;Eslovenia;;;t;
un706;706;SOM;;Somalia;Somalia;Somalia;Somalia;Somalia;Somalia;Somalia;Somalia;;;t;
un710;710;ZAF;;South Africa;Sudáfrica;South Africa;Sudáfrica;South Africa;Sudáfrica;South Africa;Sudáfrica;;;t;
un716;716;ZWE;;Zimbabwe;Zimbabwe;Zimbabwe;Zimbabwe;Zimbabwe;Zimbabwe;Zimbabwe;Zimbabwe;;;t;
un724;724;ESP;ES;Spain;España;Spain;España;Spain;España;Spain;España;;;t;
un732;732;ESH;;Western Sahara;Sáhara Occidental;Western Sahara;Sáhara Occidental;Western Sahara;Sáhara Occidental;Western Sahara;Sáhara Occidental;;;t;
un740;740;SUR;;Suriname;Suriname;Suriname;Suriname;Suriname;Suriname;Suriname;Suriname;;;t;
un744;744;SJM;;Svalbard and Jan Mayen Islands;Islas Svalbard y Jan Mayen;Svalbard and Jan Mayen Islands;Islas Svalbard y Jan Mayen;Svalbard and Jan Mayen Islands;Islas Svalbard y Jan Mayen;Svalbard and Jan Mayen Islands;Islas Svalbard y Jan Mayen;;;t;
un748;748;SWZ;;Swaziland;Swazilandia;Swaziland;Swazilandia;Swaziland;Swazilandia;Swaziland;Swazilandia;;;t;
un752;752;SWE;SE;Sweden;Suecia;Sweden;Suecia;Sweden;Suecia;Sweden;Suecia;;;t;
un756;756;CHE;CH;Switzerland;Suiza;Switzerland;Suiza;Switzerland;Suiza;Switzerland;Suiza;;;t;
un760;760;SYR;SY;Syrian Arab Republic;República Árabe Siria;Syrian Arab Republic;República Árabe Siria;Syrian Arab Republic;República Árabe Siria;Syrian Arab Republic;República Árabe Siria;;;t;
un762;762;TJK;;Tajikistan;Tayikistán;Tajikistan;Tayikistán;Tajikistan;Tayikistán;Tajikistan;Tayikistán;;;t;
un764;764;THA;;Thailand;Tailandia;Thailand;Tailandia;Thailand;Tailandia;Thailand;Tailandia;;;t;
un768;768;TGO;;Togo;Togo;Togo;Togo;Togo;Togo;Togo;Togo;;;t;
un772;772;TKL;;Tokelau;Tokelau;Tokelau;Tokelau;Tokelau;Tokelau;Tokelau;Tokelau;;;t;
un776;776;TON;;Tonga;Tonga;Tonga;Tonga;Tonga;Tonga;Tonga;Tonga;;;t;
un780;780;TTO;;Trinidad and Tobago;Trinidad y Tobago;Trinidad and Tobago;Trinidad y Tobago;Trinidad and Tobago;Trinidad y Tobago;Trinidad and Tobago;Trinidad y Tobago;;;t;
un784;784;ARE;;United Arab Emirates;Emiratos Árabes Unidos;United Arab Emirates;Emiratos Árabes Unidos;United Arab Emirates;Emiratos Árabes Unidos;United Arab Emirates;Emiratos Árabes Unidos;;;t;
un788;788;TUN;TN;Tunisia;Túnez;Tunisia;Túnez;Tunisia;Túnez;Tunisia;Túnez;;;t;
un792;792;TUR;TR;Turkey;Turquía;Turkey;Turquía;Turkey;Turquía;Turkey;Turquía;;;t;
un795;795;TKM;;Turkmenistan;Turkmenistán;Turkmenistan;Turkmenistán;Turkmenistan;Turkmenistán;Turkmenistan;Turkmenistán;;;t;
un796;796;TCA;;Turks and Caicos Islands;Islas Turcas y Caicos;Turks and Caicos Islands;Islas Turcas y Caicos;Turks and Caicos Islands;Islas Turcas y Caicos;Turks and Caicos Islands;Islas Turcas y Caicos;;;t;
un798;798;TUV;;Tuvalu;Tuvalu;Tuvalu;Tuvalu;Tuvalu;Tuvalu;Tuvalu;Tuvalu;;;t;
un800;800;UGA;;Uganda;Uganda;Uganda;Uganda;Uganda;Uganda;Uganda;Uganda;;;t;
un804;804;UKR;UA;Ukraine;Ucrania;Ukraine;Ucrania;Ukraine;Ucrania;Ukraine;Ucrania;;;t;
un807;807;MKD;MK;The former Yugoslav Republic of Macedonia;ex República Yugoslava de Macedonia;The former Yugoslav Republic of Macedonia;ex República Yugoslava de Macedonia;The former Yugoslav Republic of Macedonia;ex República Yugoslava de Macedonia;The former Yugoslav Republic of Macedonia;ex República Yugoslava de Macedonia;;;t;
un818;818;EGY;EG;Egypt;Egipto;Egypt;Egipto;Egypt;Egipto;Egypt;Egipto;;;t;
un826;826;GBR;UK;United Kingdom of Great Britain and Northern Ireland;Reino Unido de Gran Bretaña y Norte de Irlanda;United Kingdom of Great Britain and Northern Ireland;Reino Unido de Gran Bretaña y Norte de Irlanda;United Kingdom of Great Britain and Northern Ireland;Reino Unido de Gran Bretaña y Norte de Irlanda;United Kingdom of Great Britain and Northern Ireland;Reino Unido de Gran Bretaña y Norte de Irlanda;;;t;
un831;831;GGY;;Guernsey;Guernsey;Guernsey;Guernsey;Guernsey;Guernsey;Guernsey;Guernsey;;;t;
un832;832;JEY;;Jersey;Jersey;Jersey;Jersey;Jersey;Jersey;Jersey;Jersey;;;t;
un833;833;IMN;;Isle of Man;Isla de Man;Isle of Man;Isla de Man;Isle of Man;Isla de Man;Isle of Man;Isla de Man;;;t;
un834;834;TZA;;United Republic of Tanzania;República Unida de Tanzania;United Republic of Tanzania;República Unida de Tanzania;United Republic of Tanzania;República Unida de Tanzania;United Republic of Tanzania;República Unida de Tanzania;;;t;
un840;840;USA;US;United States of America;Estados Unidos de América;United States of America;Estados Unidos de América;United States of America;Estados Unidos de América;United States of America;Estados Unidos de América;;;t;
un854;854;BFA;;Burkina Faso;Burkina Faso;Burkina Faso;Burkina Faso;Burkina Faso;Burkina Faso;Burkina Faso;Burkina Faso;;;t;
un858;858;URY;;Uruguay;Uriguay;Uruguay;Uriguay;Uruguay;Uriguay;Uruguay;Uriguay;;;t;
un860;860;UZB;;Uzbekistan;Uzbekistán;Uzbekistan;Uzbekistán;Uzbekistan;Uzbekistán;Uzbekistan;Uzbekistán;;;t;
un862;862;VEN;;Venezuela (Bolivarian Republic of);Venezuela (República Bolivariana de);Venezuela (Bolivarian Republic of);Venezuela (República Bolivariana de);Venezuela (Bolivarian Republic of);Venezuela (República Bolivariana de);Venezuela (Bolivarian Republic of);Venezuela (República Bolivariana de);;;t;
un882;882;WSM;;Samoa;Samoa;Samoa;Samoa;Samoa;Samoa;Samoa;Samoa;;;t;
un887;887;YEM;;Yemen;Yemen;Yemen;Yemen;Yemen;Yemen;Yemen;Yemen;;;t;
un894;894;ZMB;;Zambia;Zambia;Zambia;Zambia;Zambia;Zambia;Zambia;Zambia;;;t;
eu900;;;;European Union (EU);Unión Europea;European Union (EU);Unión Europea;European Union (EU);Unión Europea;European Union (EU);Unión Europea;;;f;
eu902;;;;EU candidate countries;Países candidatos a la Unión Europea;EU candidate countries;Países candidatos a la Unión Europea;EU candidate countries;Países candidatos a la Unión Europea;EU candidate countries;Países candidatos a la Unión Europea;;;f;
eu903;;;;Potential candidates for EU membership;Candidatos potenciales para ingreso en la UE;Potential candidates for EU membership;Candidatos potenciales para ingreso en la UE;Potential candidates for EU membership;Candidatos potenciales para ingreso en la UE;Potential candidates for EU membership;Candidatos potenciales para ingreso en la UE;;;f;
eu905;;;;European Neighbourhood Policy (ENP)-South;Política de Vecindad de la Unión Europea-Sur;European Neighbourhood Policy (ENP)-South;Política de Vecindad de la Unión Europea-Sur;European Neighbourhood Policy (ENP)-South;Política de Vecindad de la Unión Europea-Sur;European Neighbourhood Policy (ENP)-South;Política de Vecindad de la Unión Europea-Sur;;;f;
